keyword,autocomplete_hits,best_position,seed
"yurtdışında ingilizce öğretmenliği yapmak için gerekenler",4,7,"yurtdışında İngilizce"
"seyahat ingilizcesi ne demek",3,2,"seyahat İngilizcesi"
"seyahat çantası ingilizcesi ne demek",3,3,"seyahat İngilizcesi"
"yurtdışında ingilizce eğitimi fiyatları",3,3,"yurtdışında İngilizce"
"seyahat ingilizcesi nasıl öğrenilir",3,8,"seyahat İngilizcesi"
"yurtdışında ingilizce dil eğitimi",3,8,"yurtdışında İngilizce"
"yurtdışında ingilizce kursu",2,1,"yurtdışında İngilizce"
"yurtdışında ingilizce hazırlık okumak",2,1,"yurtdışında İngilizce"
"yurtdışında ingilizce öğretmeni olarak çalışmak",2,2,"yurtdışında İngilizce"
"yurtdışında kullanılacak ingilizce cümleler",2,2,"yurtdışında İngilizce"
"yurtdışında ingilizce dil kursu",2,2,"yurtdışında İngilizce"
"yurtdışında okumak için ingilizce seviyesi",2,2,"yurtdışında İngilizce"
"seyahat etmek ingilizcesi nedir",2,3,"seyahat İngilizcesi"
"yurtdışında ingilizce konuşmak",2,3,"yurtdışında İngilizce"
"yurtdışında gerekli ingilizce cümleler",2,3,"yurtdışında İngilizce"
"yurtdışında ingilizce dil okulu",2,3,"yurtdışında İngilizce"
"seyahat ingilizcesi kelimeler",2,4,"seyahat İngilizcesi"
"yurtdışında lazım olacak ingilizce cümleler",2,4,"yurtdışında İngilizce"
"seyahat ingilizcesi youtube",2,5,"seyahat İngilizcesi"
"yurtdışında ingilizce eğitim veren üniversiteler",2,5,"yurtdışında İngilizce"
"yurtdışında en çok kullanılan ingilizce cümleler",2,5,"yurtdışında İngilizce"
"yurtdışında ingilizce tıp eğitimi",2,5,"yurtdışında İngilizce"
"yurtdışında üniversite okumak için ingilizce seviyesi",2,5,"yurtdışında İngilizce"
"seyahat ingilizcesi diyalogları",2,6,"seyahat İngilizcesi"
"yurtdışında ingilizce eğitimi",2,6,"yurtdışında İngilizce"
"seyahat ingilizcesi kitap",2,7,"seyahat İngilizcesi"
"seyahat ingilizcesi cümleler",2,9,"seyahat İngilizcesi"
"yurtdışında ingilizce cümleler",2,9,"yurtdışında İngilizce"
"seyahat ingilizcesi kursu",2,10,"seyahat İngilizcesi"
"yurtdışında ingilizce öğretmenliği okumak",2,10,"yurtdışında İngilizce"
"seyahat ingilizcesi",1,1,"seyahat İngilizcesi"
"seyahat acentesi ingilizcesi",1,1,"seyahat İngilizcesi"
"basit seyahat ingilizcesi",1,1,"seyahat İngilizcesi"
"seyahat etmek ingilizcesi",1,1,"seyahat İngilizcesi"
"seyahat için geldim ingilizcesi",1,1,"seyahat İngilizcesi"
"turizm ve seyahat hizmetleri ingilizcesi",1,1,"seyahat İngilizcesi"
"seyahat etmeyi sever misin ingilizcesi",1,1,"seyahat İngilizcesi"
"seyahat sigortası ingilizcesi",1,1,"seyahat İngilizcesi"
"turistik seyahat ingilizcesi",1,1,"seyahat İngilizcesi"
"ingilizce bilmeden yurtdışında gezmek",1,1,"yurtdışında İngilizce"
"yurtdisinda ingilizce ogretmenligi",1,1,"yurtdışında İngilizce"
"seyahat için ingilizce kalıplar",1,1,"seyahat için ingilizce kalıplar"
"seyahat ingilizcesi pdf",1,2,"seyahat İngilizcesi"
"astral seyahat ingilizcesi",1,2,"seyahat İngilizcesi"
"seyahat etmenin ingilizcesi",1,2,"seyahat İngilizcesi"
"gezi seyahat ingilizcesi",1,2,"seyahat İngilizcesi"
"seyahat etmeyi severim ingilizcesi",1,2,"seyahat İngilizcesi"
"seyahat yastığı ingilizcesi",1,2,"seyahat İngilizcesi"
"ingilizce bilmeden yurtdışında okumak",1,2,"yurtdışında İngilizce"
"yurtdışında ingilizce okumak",1,2,"yurtdışında İngilizce"
"seyahat ingilizcesi öğrenme",1,3,"seyahat İngilizcesi"
"seyahat ediyorum ingilizcesi",1,3,"seyahat İngilizcesi"
"seyahat sağlık sigortası ingilizcesi",1,3,"seyahat İngilizcesi"
"yurtdışı seyahat ingilizcesi",1,3,"seyahat İngilizcesi"
"yurtdışında konuşmak için ingilizce",1,3,"yurtdışında İngilizce"
"çok seyahat ediyor ingilizcesi",1,4,"seyahat İngilizcesi"
"seyahat etmek kelimesinin ingilizcesi",1,4,"seyahat İngilizcesi"
"seyahat etmeyi seviyorum ingilizcesi",1,4,"seyahat İngilizcesi"
"yurtdışında ingilizce öğretmenliği",1,4,"yurtdışında İngilizce"
"yurtdışında ihtiyaç duyulan ingilizce cümleler",1,4,"yurtdışında İngilizce"
"yurtdışında gezmek için ingilizce",1,4,"yurtdışında İngilizce"
"yurtdışında kullanılan ingilizce kalıplar",1,4,"yurtdışında İngilizce"
"ocakta seyahat edeceğiz ingilizcesi",1,5,"seyahat İngilizcesi"
"kısa seyahat ingilizcesi",1,5,"seyahat İngilizcesi"
"yurtdışında kullanılacak ingilizce kalıplar",1,5,"yurtdışında İngilizce"
"yalnız seyahat etmek ingilizcesi",1,6,"seyahat İngilizcesi"
"yurtdışında ingilizce üniversite eğitimi",1,6,"yurtdışında İngilizce"
"yurtdışında pratik ingilizce konuşma",1,6,"yurtdışında İngilizce"
"ağustos'ta seyahat edecekler ingilizcesi",1,7,"seyahat İngilizcesi"
"yurtdışında ingilizce öğretmeni olmak",1,7,"yurtdışında İngilizce"
"arabayla seyahat ettim ingilizcesi",1,8,"seyahat İngilizcesi"
"rüyada yurtdışında ingilizce konuşmak",1,8,"yurtdışında İngilizce"
"her yıl seyahat ederim ingilizcesi",1,9,"seyahat İngilizcesi"
"yurtdışında lazım olan ingilizce cümleler",1,9,"yurtdışında İngilizce"
"her yaz seyahat ederiz ingilizcesi",1,10,"seyahat İngilizcesi"